timestamp,policy,cv_mean_cost,val_cost,fc_mae,fc_bias
2026-04-21T14:46:39,Seasonal Benchmark (4wk cov),5833,5286,4.83,-0.03
2026-04-21T14:46:39,"Quantile (LGB+CB, alpha=0.833, 3wk cov)",9858,10210,10.44,9.98
2026-04-21T14:46:39,ML Point (cov=3),4396,4084,3.92,0.55
2026-04-21T14:46:39,Gaussian Safety cov=3 alpha=0.60,4823,4808,3.92,0.55
2026-04-21T14:46:39,Gaussian Safety cov=3 alpha=0.75,5824,6178,3.92,0.55
2026-04-21T14:46:39,Gaussian Safety cov=3 alpha=0.833,6706,7319,3.92,0.55
2026-04-21T14:46:39,Gaussian Safety cov=3 alpha=0.90,8302,9210,3.92,0.55
2026-04-21T14:46:39,Gaussian Safety cov=3 alpha=0.833 [history sigma],6702,7034,3.92,0.55
2026-04-21T14:48:06,ML Point cov=2,3782.0499999999997,1530.5500000000002,2251.5,2948.8,1730.8000000000002,1218.0,2.8527609598913855,0.4939274956495632,0.38156105297295595,,4176.40;3722.60;3664.80;3564.40
2026-04-21T14:48:17,ML Point cov=3,4396.45,3362.2,1034.25,4084.4000000000005,3637.4000000000005,447.0,3.9158380026247124,0.44440563059330057,0.5456723682607452,,5020.80;4183.60;4222.60;4158.80
2026-04-21T14:48:27,ML Point cov=4,6027.1,5533.6,493.5,6042.800000000001,5844.800000000001,198.0,4.910670683391264,0.4103309996583083,0.6936331140996969,,6616.80;5768.20;6055.40;5668.00
2026-04-21T14:48:36,ML Point cov=3 x1.05,4601.6,3675.1,926.5,4376.6,3997.6,379.0,3.9158380026247124,0.44440563059330057,0.5456723682607452,,5207.40;4375.00;4438.00;4386.00
2026-04-21T14:48:45,ML Point cov=3 x1.10,4816.6,3984.3500000000004,832.25,4645.2,4308.2,337.0,3.9158380026247124,0.44440563059330057,0.5456723682607452,,5403.20;4598.40;4641.20;4623.60
2026-04-21T14:48:54,ML Point cov=3 x1.20,5279.6,4600.1,679.5,5190.0,4934.0,256.0,3.9158380026247124,0.44440563059330057,0.5456723682607452,,5862.20;5094.20;5093.40;5068.60
2026-04-21T14:49:05,ML Point cov=3 x1.30,5788.5,5226.5,562.0,5760.400000000001,5550.400000000001,210.0,3.9158380026247124,0.44440563059330057,0.5456723682607452,,6366.00;5637.20;5616.80;5534.00
2026-04-21T14:49:16,ML Point cov=3 +1u,4720.950000000001,3974.7,746.25,4517.799999999999,4278.799999999999,239.0,3.9158380026247124,0.44440563059330057,0.5456723682607452,,5279.00;4467.40;4590.00;4547.40
2026-04-21T14:49:26,ML Point cov=3 +2u,5203.35,4630.1,573.25,5099.6,4960.6,139.0,3.9158380026247124,0.44440563059330057,0.5456723682607452,,5702.60;4907.20;5120.40;5083.20
2026-04-21T14:49:40,ML Point cov=3 +3u,5772.55,5308.550000000001,464.0,5738.4,5658.4,80.0,3.9158380026247124,0.44440563059330057,0.5456723682607452,,6235.60;5450.80;5710.60;5693.20
2026-04-21T14:50:33,ML Point cov=1,5846.9,427.15,5419.75,4447.8,454.80000000000007,3993.0,1.7744543432765214,0.6116328785035476,0.17512224313303182,,5667.60;6081.60;6027.80;5610.60
2026-04-21T14:50:45,ML Point cov=1 x1.10,5551.549999999999,493.8,5057.75,4171.0,522.0,3649.0,1.7744543432765214,0.6116328785035476,0.17512224313303182,,5401.40;5779.20;5707.20;5318.40
2026-04-21T14:50:56,ML Point cov=1 x1.20,5241.700000000001,566.2,4675.5,3887.2,605.2,3282.0,1.7744543432765214,0.6116328785035476,0.17512224313303182,,5127.80;5438.60;5392.20;5008.20
2026-04-21T14:51:06,ML Point cov=2 x0.90,3952.5,1226.5,2726.0,2942.0,1347.0,1595.0,2.8527609598913855,0.4939274956495632,0.38156105297295595,,4196.60;3932.80;3934.80;3745.80
2026-04-21T14:51:16,ML Point cov=2 x0.95,3851.1499999999996,1379.9000000000003,2471.25,2938.2,1564.2,1374.0,2.8527609598913855,0.4939274956495632,0.38156105297295595,,4184.20;3815.20;3768.40;3636.80
2026-04-21T14:51:30,ML Point cov=2 x1.00,3782.0499999999997,1530.5500000000002,2251.5,2948.8,1730.8000000000002,1218.0,2.8527609598913855,0.4939274956495632,0.38156105297295595,,4176.40;3722.60;3664.80;3564.40
2026-04-21T14:51:42,ML Point cov=2 x1.05,3754.4000000000005,1682.9,2071.5,2990.4,1902.4,1088.0,2.8527609598913855,0.4939274956495632,0.38156105297295595,,4189.00;3678.60;3614.80;3535.20
2026-04-21T14:51:53,ML Point cov=2 x1.10,3754.1,1840.35,1913.75,3064.2,2071.2,993.0,2.8527609598913855,0.4939274956495632,0.38156105297295595,,4229.80;3667.40;3575.20;3544.00
2026-04-21T14:52:05,ML Point cov=2 +1u,3774.3,2055.3,1719.0,3122.8,2302.8,820.0,2.8527609598913855,0.4939274956495632,0.38156105297295595,,4117.00;3626.20;3700.20;3653.80
2026-04-21T14:52:20,ML Point cov=2 -1u,4190.1,1112.8500000000001,3077.25,3147.6,1260.6,1887.0,2.8527609598913855,0.4939274956495632,0.38156105297295595,,4625.00;4258.60;3990.00;3886.80
2026-04-21T14:53:25,ML Point cov=2 x1.05 [SACRED],3786.2,1346.1999999999998,2440.0,,,,,,,,,True
2026-04-21T14:53:29,ML Point cov=2 x1.10 [SACRED],3707.2,1452.2,2255.0,,,,,,,,,True
2026-04-21T14:53:33,ML Point cov=2 [SACRED],3907.6,1251.6,2656.0,,,,,,,,,True
2026-04-21T14:53:37,ML Point cov=3 [SACRED],3856.6,2583.6,1273.0,,,,,,,,,True
2026-04-21T14:59:09,"ML Point cov=2 x1.1 [SACRED, 5-seed mean]",3702.2799999999997,,,,,,,,,,,True,5,26.26541452176225,3664.40..3732.00
2026-04-21T14:59:29,"ML Point cov=2 x1.05 [SACRED, 5-seed mean]",3792.9199999999996,,,,,,,,,,,True,5,24.52859555702273,3757.80..3825.20
2026-04-21T14:59:43,Per-SKU [volume] x1.00,4392.75,2545.0,1847.75,3932.6,2887.6,1045.0,4.021715647161093,0.6959631760103732,2.0024724842145663,,4954.40;4397.00;4164.40;4055.20
2026-04-21T14:59:47,Per-SKU [volume] x1.00 [SACRED],3998.8,2064.8,1934.0,,,,,,,,,True
2026-04-21T14:59:58,Per-SKU [volume] x1.10,4682.75,3023.5,1659.25,4310.4,3385.4,925.0,4.021715647161093,0.6959631760103732,2.0024724842145663,,5225.00;4699.20;4463.80;4343.00
2026-04-21T15:00:02,Per-SKU [volume] x1.10 [SACRED],4191.6,2470.6,1721.0,,,,,,,,,True
2026-04-21T15:00:12,Per-SKU [syntetos] x1.00,4850.9,1536.15,3314.75,3795.3999999999996,1689.3999999999999,2106.0,3.599567195717156,0.6227136418375199,-0.11838528109693708,,5325.00;5024.60;4629.60;4424.40
2026-04-21T15:00:17,Per-SKU [syntetos] x1.00 [SACRED],4495.4,1283.4,3212.0,,,,,,,,,True
2026-04-21T15:00:27,Per-SKU [syntetos] x1.10,4918.2,1835.7,3082.5,3924.0,2003.0,1921.0,3.599567195717156,0.6227136418375199,-0.11838528109693708,,5413.00;5096.00;4696.80;4467.00
2026-04-21T15:00:31,Per-SKU [syntetos] x1.10 [SACRED],4454.8,1515.8,2939.0,,,,,,,,,True
2026-04-21T15:02:17,NegBinom cov=2 alpha=0.5,4892.0,983.75,3908.25,3571.6,1118.6,2453.0,3.0621068057747634,0.5305213878944065,-0.013926942463824435,1.5624652198107956,5337.20;4940.00;4677.60;4613.20
2026-04-21T15:02:20,NegBinom cov=2 alpha=0.5 [SACRED],4853.2,960.2,3893.0,,,,,,,,,True
2026-04-21T15:02:26,NegBinom cov=2 alpha=0.6,4458.25,1397.25,3061.0,3373.0,1631.0,1742.0,3.0621068057747634,0.5305213878944065,-0.013926942463824435,1.5973706176961602,4922.80;4482.60;4212.80;4214.80
2026-04-21T15:02:29,NegBinom cov=2 alpha=0.6 [SACRED],4350.8,1314.8000000000002,3036.0,,,,,,,,,True
2026-04-21T15:02:34,NegBinom cov=2 alpha=0.7,4211.25,1997.5,2213.75,3387.0000000000005,2333.0000000000005,1054.0,3.0621068057747634,0.5305213878944065,-0.013926942463824435,1.508611574846967,4680.40;4143.60;3987.00;4034.00
2026-04-21T15:02:36,NegBinom cov=2 alpha=0.7 [SACRED],4105.0,1881.0000000000002,2224.0,,,,,,,,,True
2026-04-21T15:02:41,NegBinom cov=2 alpha=0.833,4443.45,3359.45,1084.0,4291.2,3918.2,373.0,3.0621068057747634,0.5305213878944065,-0.013926942463824435,1.1495611435726212,4798.60;4308.40;4200.60;4466.20
2026-04-21T15:02:44,NegBinom cov=2 alpha=0.833 [SACRED],4425.4,3248.4,1177.0,,,,,,,,,True
2026-04-21T15:02:48,NegBinom cov=3 alpha=0.5,4790.55,2366.8,2423.75,3939.8,2670.8,1269.0,4.343985789723083,0.49326539751360987,-0.1844311110757531,2.238313856427379,5287.00;4785.20;4462.20;4627.80
2026-04-21T15:02:51,NegBinom cov=3 alpha=0.5 [SACRED],4367.2,2174.2,2193.0,,,,,,,,,True
2026-04-21T15:02:57,NegBinom cov=3 alpha=0.6,4853.75,3112.25,1741.5,4262.0,3522.0000000000005,740.0,4.343985789723083,0.49326539751360987,-0.1844311110757531,2.280606566499722,5301.00;4836.40;4530.00;4747.60
2026-04-21T15:02:59,NegBinom cov=3 alpha=0.6 [SACRED],4558.6,2942.6000000000004,1616.0,,,,,,,,,True
2026-04-21T15:03:04,NegBinom cov=3 alpha=0.7,5234.700000000001,4070.4500000000007,1164.25,4996.4,4617.4,379.0,4.343985789723083,0.49326539751360987,-0.1844311110757531,2.147968836950473,5615.20;5187.60;4943.20;5192.80
2026-04-21T15:03:06,NegBinom cov=3 alpha=0.7 [SACRED],5019.400000000001,3949.4000000000005,1070.0,,,,,,,,,True
2026-04-21T15:10:00,ML Point cov=2 x1.05 [Optuna-tuned],3705.7999999999997,1640.8000000000002,2065.0,2916.0,1742.0,1174.0,2.833175438738533,0.4908394920654756,0.3977930131885236,,4021.00;3631.20;3639.60;3531.40
2026-04-21T15:10:12,ML Point cov=2 x1.05 [Optuna-tuned] [SACRED],3857.6000000000004,1244.6000000000001,2613.0,,,,,,,,,True
2026-04-21T15:10:54,ML Point cov=2 x1.1 [Optuna-tuned],3705.6000000000004,1796.3500000000004,1909.25,2973.0,1897.0,1076.0,2.833175438738533,0.4908394920654756,0.3977930131885236,,4059.00;3621.40;3584.60;3557.40
2026-04-21T15:11:06,ML Point cov=2 x1.1 [Optuna-tuned] [SACRED],3735.2,1331.2,2404.0,,,,,,,,,True
2026-04-21T15:16:05,ML Point cov=2 x1.05 [censoring=interpolate],3739.9500000000003,1655.1999999999998,2084.75,2950.6,1870.6,1080.0,2.833350936517829,0.49054702195297295,0.3412970944816104,,4124.80;3671.40;3632.00;3531.60
2026-04-21T15:16:08,ML Point cov=2 x1.05 [censoring=interpolate] [SACRED],3757.8,1343.8,2414.0,,,,,,,,,True
2026-04-21T15:17:27,ML Point cov=2 x1.05 [censoring=interpolate],3739.9500000000003,1655.1999999999998,2084.75,2950.6,1870.6,1080.0,2.833350936517829,0.49054702195297295,0.3412970944816104,,4124.80;3671.40;3632.00;3531.60
2026-04-21T15:17:31,ML Point cov=2 x1.05 [censoring=interpolate] [SACRED],3757.8,1343.8,2414.0,,,,,,,,,True
2026-04-21T15:17:40,ML Point cov=2 x1.05 [censoring=mean_impute],3666.95,1654.9499999999998,2012.0,2944.6000000000004,1847.6000000000001,1097.0,2.798349256025011,0.48460173638559434,0.3572819365578228,,4044.60;3567.40;3563.40;3492.40
2026-04-21T15:17:44,ML Point cov=2 x1.05 [censoring=mean_impute] [SACRED],3776.4,1384.4,2392.0,,,,,,,,,True
2026-04-21T15:17:54,ML Point cov=2 x1.05 [censoring=seasonal_impute],3767.7,1607.7,2160.0,3022.0,1958.0,1064.0,2.829681505489838,0.4899345451622303,0.18045491496466148,,4128.40;3819.40;3637.80;3485.20
2026-04-21T15:17:58,ML Point cov=2 x1.05 [censoring=seasonal_impute] [SACRED],3836.4,1489.4,2347.0,,,,,,,,,True
2026-04-21T15:18:06,ML Point cov=2 x1.05 [censoring=zero],3758.9500000000007,1619.45,2139.5,2964.2000000000003,1893.2000000000003,1071.0,2.830030707123072,0.4901080260079664,0.2656494665244348,,4149.40;3674.60;3631.60;3580.20
2026-04-21T15:18:10,ML Point cov=2 x1.05 [censoring=zero] [SACRED],3821.8,1341.8000000000002,2480.0,,,,,,,,,True
2026-04-21T15:27:01,Ensemble w_ma=0.0 cov=2 x1.05,3666.95,1654.9499999999998,2012.0,2944.6000000000004,1847.6000000000001,1097.0,2.798349256025011,0.48460173638559434,0.3572819365578228,,4044.60;3567.40;3563.40;3492.40
2026-04-21T15:27:05,Ensemble w_ma=0.0 cov=2 x1.05 [SACRED],3776.4,1384.4,2392.0,,,,,,,,,True
2026-04-21T15:27:15,Ensemble w_ma=0.25 cov=2 x1.05,3654.25,1603.0000000000002,2051.25,2855.2,1737.2,1118.0,2.743873594455994,0.47518202872940096,0.30580388233721467,,3996.00;3531.20;3570.60;3519.20
2026-04-21T15:27:19,Ensemble w_ma=0.25 cov=2 x1.05 [SACRED],3710.2000000000003,1307.2000000000003,2403.0,,,,,,,,,True
2026-04-21T15:27:31,Ensemble w_ma=0.5 cov=2 x1.05,3697.25,1564.75,2132.5,2838.0,1623.0,1215.0,2.733501500608622,0.4734247377943659,0.25432582811660653,,4016.40;3547.00;3646.20;3579.40
2026-04-21T15:27:34,Ensemble w_ma=0.5 cov=2 x1.05 [SACRED],3698.2,1244.2,2454.0,,,,,,,,,True
2026-04-21T15:27:44,Ensemble w_ma=0.75 cov=2 x1.05,3778.6499999999996,1546.4,2232.25,2826.8,1552.8000000000002,1274.0,2.7704851362669496,0.4798981580763473,0.20284777389599845,,4113.00;3588.20;3756.60;3656.80
2026-04-21T15:27:47,Ensemble w_ma=0.75 cov=2 x1.05 [SACRED],3716.2000000000003,1233.2000000000003,2483.0,,,,,,,,,True
2026-04-21T15:27:57,Ensemble w_ma=1.0 cov=2 x1.05,3923.4,1558.65,2364.75,2882.8,1506.8,1376.0,2.865215540557281,0.4964056561930966,0.15136971967539034,,4311.40;3684.60;3908.00;3789.60
2026-04-21T15:28:01,Ensemble w_ma=1.0 cov=2 x1.05 [SACRED],3771.4,1237.4,2534.0,,,,,,,,,True
2026-04-21T15:28:10,Ensemble w_ma=0.5 cov=2 x1.1,3656.7000000000003,1715.9500000000003,1940.75,2872.2,1801.2,1071.0,2.733501500608622,0.4734247377943659,0.25432582811660653,,3994.40;3504.60;3607.40;3520.40
2026-04-21T15:28:13,Ensemble w_ma=0.5 cov=2 x1.1 [SACRED],3636.7999999999997,1378.7999999999997,2258.0,,,,,,,,,True
2026-04-21T15:29:07,RMSE-safety k=0.0 cov=2 x1.05,3666.95,1654.9499999999998,2012.0,2944.6000000000004,1847.6000000000001,1097.0,2.798349256025011,0.48460173638559434,0.3572819365578228,1.4435663625721649,4044.60;3567.40;3563.40;3492.40
2026-04-21T15:29:14,RMSE-safety k=0.0 cov=2 x1.05 [SACRED],3776.4,1384.4,2392.0,,,,,,,,,True
2026-04-21T15:29:32,RMSE-safety k=0.25 cov=2 x1.0,3719.1000000000004,2149.6,1569.5,3082.2,2200.2,882.0,2.798349256025011,0.48460173638559434,0.3572819365578228,1.6519567643230821,4090.20;3795.80;3499.60;3490.80
2026-04-21T15:29:40,RMSE-safety k=0.25 cov=2 x1.0 [SACRED],3653.6000000000004,1629.6000000000001,2024.0,,,,,,,,,True
2026-04-21T15:29:58,RMSE-safety k=0.5 cov=2 x1.0,4059.3999999999996,2907.6500000000005,1151.75,3426.8,2843.8,583.0,2.798349256025011,0.48460173638559434,0.3572819365578228,2.0481636095686286,4333.40;4754.60;3505.40;3644.20
2026-04-21T15:30:06,RMSE-safety k=0.5 cov=2 x1.0 [SACRED],3719.0,2145.0,1574.0,,,,,,,,,True
2026-04-21T15:30:28,RMSE-safety k=0.75 cov=2 x1.0,4570.400000000001,3729.4000000000005,841.0,3905.8,3544.8,361.0,2.798349256025011,0.48460173638559434,0.3572819365578228,2.5128649056103547,4748.40;5942.80;3631.60;3958.80
2026-04-21T15:30:36,RMSE-safety k=0.75 cov=2 x1.0 [SACRED],3907.2,2746.2,1161.0,,,,,,,,,True
2026-04-21T15:31:12,RMSE-safety k=1.0 cov=2 x1.0,5185.450000000001,4565.700000000001,619.75,4434.8,4197.8,237.0,2.798349256025011,0.48460173638559434,0.3572819365578228,3.027860611966952,5251.00;7271.20;3852.00;4367.60
2026-04-21T15:31:22,RMSE-safety k=1.0 cov=2 x1.0 [SACRED],4226.8,3330.8,896.0,,,,,,,,,True
2026-04-21T15:31:48,RMSE-safety k=0.25 cov=2 x1.05,3753.1500000000005,2317.6500000000005,1435.5,3161.0000000000005,2381.0000000000005,780.0,2.798349256025011,0.48460173638559434,0.3572819365578228,1.7315202543160846,4140.60;3877.80;3475.20;3519.00
2026-04-21T15:31:58,RMSE-safety k=0.25 cov=2 x1.05 [SACRED],3638.0,1774.0000000000002,1864.0,,,,,,,,,True
2026-04-21T15:32:21,RMSE-safety k=0.5 cov=2 x1.05,4157.05,3101.55,1055.5,3559.6000000000004,3049.6000000000004,510.0,2.798349256025011,0.48460173638559434,0.3572819365578228,2.146228328614897,4443.60;4911.60;3529.00;3744.00
2026-04-21T15:32:31,RMSE-safety k=0.5 cov=2 x1.05 [SACRED],3748.8,2321.8,1427.0,,,,,,,,,True
2026-04-21T15:34:35,Trajectory nsamples=20 x1.0,4709.5,3701.25,1008.25,3417.6000000000004,2954.6000000000004,463.0,2.9341882729064332,0.5088526298940121,0.4794109048543539,,4257.00;6918.20;3567.80;4095.00
2026-04-21T15:34:53,Trajectory nsamples=20 x1.0 [SACRED],4077.000000000001,2952.000000000001,1125.0,,,,,,,,,True
2026-04-21T15:36:35,Trajectory nsamples=50 x1.0,4606.400000000001,3654.4000000000005,952.0,3429.0000000000005,2982.0000000000005,447.0,2.9341882729064332,0.5088526298940121,0.4794109048543539,,4229.00;6766.60;3455.80;3974.20
2026-04-21T15:38:24,Trajectory nsamples=20 x1.0,4376.0,3244.75,1131.25,3187.2000000000003,2644.2000000000003,543.0,2.9341882729064332,0.5088526298940121,0.4794109048543539,,4063.40;6083.00;3471.80;3885.80
2026-04-21T15:38:34,Trajectory nsamples=20 x1.0 [SACRED],3979.2000000000003,2682.2000000000003,1297.0,,,,,,,,,True
2026-04-21T15:39:01,Trajectory nsamples=50 x1.0,4284.3,3187.3,1097.0,3230.0000000000005,2678.0000000000005,552.0,2.9341882729064332,0.5088526298940121,0.4794109048543539,,4033.20;5917.20;3417.00;3769.80
2026-04-21T15:39:12,Trajectory nsamples=50 x1.0 [SACRED],3933.8,2684.8,1249.0,,,,,,,,,True
2026-04-21T15:42:03,Ensemble w_ma=0.25 x1.05 [baseline],3654.25,1603.0000000000002,2051.25,2855.2,1737.2,1118.0,2.743873594455994,0.47518202872940096,0.30580388233721467,,3996.00;3531.20;3570.60;3519.20
2026-04-21T15:42:06,Ensemble w_ma=0.25 x1.05 [baseline] [SACRED],3710.2000000000003,1307.2000000000003,2403.0,,,,,,,,,True
2026-04-21T15:42:17,"Ensemble w_ma=0.25 per_round=[1.05,1.05,1.10,1.10,1.10,1.10]",3626.4500000000003,1702.7000000000003,1923.75,2875.2,1844.1999999999998,1031.0,2.743873594455994,0.47518202872940096,0.30580388233721467,,4000.00;3487.60;3537.80;3480.40
2026-04-21T15:42:20,"Ensemble w_ma=0.25 per_round=[1.05,1.05,1.10,1.10,1.10,1.10] [SACRED]",3683.2,1404.2,2279.0,,,,,,,,,True
2026-04-21T15:42:32,"Ensemble w_ma=0.25 per_round=[1.00,1.05,1.05,1.10,1.10,1.15]",3598.25,1659.75,1938.5,2838.2000000000003,1786.2000000000003,1052.0,2.743873594455994,0.47518202872940096,0.30580388233721467,,3964.00;3455.00;3579.20;3394.80
2026-04-21T15:42:36,"Ensemble w_ma=0.25 per_round=[1.00,1.05,1.05,1.10,1.10,1.15] [SACRED]",3725.2,1388.2,2337.0,,,,,,,,,True
2026-04-21T15:42:46,"Ensemble w_ma=0.25 per_round=[1.10,1.10,1.10,1.05,1.05,1.00]",3676.0,1664.75,2011.25,2928.6000000000004,1820.6000000000001,1108.0,2.743873594455994,0.47518202872940096,0.30580388233721467,,4030.00;3586.80;3493.60;3593.60
2026-04-21T15:42:50,"Ensemble w_ma=0.25 per_round=[1.10,1.10,1.10,1.05,1.05,1.00] [SACRED]",3640.2,1338.2,2302.0,,,,,,,,,True
2026-04-21T15:43:11,Ensemble per-SKU w_ma [backtest-MAE] x1.05,3694.9999999999995,1578.75,2116.25,2837.2,1632.2,1205.0,2.737570922718471,0.47412924086194347,0.2761232886589556,,4015.60;3546.20;3657.80;3560.40
2026-04-21T15:43:18,Ensemble per-SKU w_ma [backtest-MAE] x1.05 [SACRED],3685.2,1229.2,2456.0,,,,,,,,,True
2026-04-21T15:43:42,Ensemble per-SKU w_ma [backtest-MAE] x1.10,3658.55,1731.55,1927.0,2875.0,1801.0000000000002,1074.0,2.737570922718471,0.47412924086194347,0.2761232886589556,,3995.20;3506.00;3612.80;3520.20
2026-04-21T15:43:48,Ensemble per-SKU w_ma [backtest-MAE] x1.10 [SACRED],3623.8,1359.8,2264.0,,,,,,,,,True
2026-04-21T15:44:12,"Ensemble per-SKU per_round=[1.05,1.05,1.10,1.10,1.10,1.10]",3657.45,1673.4499999999998,1984.0,2853.0,1732.9999999999998,1120.0,2.737570922718471,0.47412924086194347,0.2761232886589556,,3990.60;3489.40;3629.40;3520.40
2026-04-21T15:44:20,"Ensemble per-SKU per_round=[1.05,1.05,1.10,1.10,1.10,1.10] [SACRED]",3673.3999999999996,1323.3999999999999,2350.0,,,,,,,,,True
2026-04-21T15:49:05,CumQuantile cov=2 alpha=0.5 x1.0,3850.5000000000005,1984.0000000000002,1866.5,2952.0,1041.0,1911.0,3.2144435604613824,0.5555804160491836,1.1175317934215465,1.6072217802306912,4033.80;3843.80;3773.80;3750.60
2026-04-21T15:49:12,CumQuantile cov=2 alpha=0.5 x1.0 [SACRED],4370.6,834.6000000000001,3536.0,,,,,,,,,True
2026-04-21T15:49:28,CumQuantile cov=2 alpha=0.55 x1.0,3934.75,2314.25,1620.5,2872.2,1333.2,1539.0,3.48056923443652,0.6012633405239814,1.6613250712252245,1.6572183636569986,4105.80;4094.80;3640.40;3898.00
2026-04-21T15:49:36,CumQuantile cov=2 alpha=0.55 x1.0 [SACRED],4179.6,921.6000000000001,3258.0,,,,,,,,,True
2026-04-21T15:49:54,CumQuantile cov=2 alpha=0.6 x1.0,4040.4,2549.4,1491.0,2853.4,1690.4,1163.0,3.7014232956337514,0.6390280115901401,2.061333081747957,1.6445783396420801,4209.60;4306.00;3626.40;4019.60
2026-04-21T15:50:02,CumQuantile cov=2 alpha=0.6 x1.0 [SACRED],3998.2,1027.2,2971.0,,,,,,,,,True
2026-04-21T15:50:19,CumQuantile cov=2 alpha=0.65 x1.0,4163.85,2923.3500000000004,1240.5,2912.6000000000004,1902.6000000000004,1010.0,4.072388947672744,0.7033679062225952,2.6900412136090415,1.6326882917950158,4353.00;4584.80;3543.20;4174.40
2026-04-21T15:50:27,CumQuantile cov=2 alpha=0.65 x1.0 [SACRED],3787.4,1238.4,2549.0,,,,,,,,,True
2026-04-21T15:50:47,CumQuantile cov=2 alpha=0.7 x1.0,4374.500000000001,3294.0,1080.5,2984.2,2168.2,816.0,4.472180053201769,0.7720581021904461,3.2673732949535492,1.582615367610175,4669.40;4956.00;3606.20;4266.40
2026-04-21T15:50:55,CumQuantile cov=2 alpha=0.7 x1.0 [SACRED],3681.6,1430.6,2251.0,,,,,,,,,True
2026-04-21T15:51:14,CumQuantile cov=2 alpha=0.75 x1.0,4615.85,3726.6000000000004,889.25,3061.6000000000004,2335.6000000000004,726.0,4.917707064421654,0.849107732967105,3.9317284271800066,1.4759214254158255,5046.60;5256.00;3637.80;4523.00
2026-04-21T15:51:21,CumQuantile cov=2 alpha=0.75 x1.0 [SACRED],3671.4000000000005,1623.4000000000003,2048.0,,,,,,,,,True
2026-04-21T15:51:37,CumQuantile cov=2 alpha=0.833 x1.0,5423.5,4794.5,629.0,3497.6000000000004,3091.6000000000004,406.0,6.1785657920320585,1.0687741164012061,5.4826834788171785,1.263549297569909,5686.80;6078.20;3871.20;6057.80
2026-04-21T15:51:44,CumQuantile cov=2 alpha=0.833 x1.0 [SACRED],3724.6000000000004,1977.6000000000004,1747.0,,,,,,,,,True
2026-04-21T15:52:01,CumQuantile cov=3 alpha=0.55 x1.0,5295.700000000001,4631.700000000001,664.0,3779.0000000000005,3217.0000000000005,562.0,4.688479950579426,0.5331368379807989,2.12833006441407,2.2378234720690093,5698.80;5889.80;4102.80;5491.40
2026-04-21T15:52:08,CumQuantile cov=3 alpha=0.55 x1.0 [SACRED],3616.2000000000003,2060.2000000000003,1556.0,,,,,,,,,True
2026-04-21T15:52:26,CumQuantile cov=3 alpha=0.65 x1.0,5928.200000000001,5455.950000000001,472.25,4259.800000000001,3870.8000000000006,389.0,5.3109794489229,0.604158364831742,3.3555175988707715,2.1521620846308345,6520.00;6404.40;4669.80;6118.60
2026-04-21T15:52:34,CumQuantile cov=3 alpha=0.65 x1.0 [SACRED],3804.0,2542.0,1262.0,,,,,,,,,True
2026-04-21T15:57:54,Conformal alpha_cp=0.50 x1.00,3746.55,1749.0500000000002,1997.5,3041.0000000000005,1927.0000000000005,1114.0,2.743873594455994,0.47518202872940096,0.30580388233721467,1.4943917646732165,4264.60;3559.60;3615.40;3546.60
2026-04-21T15:58:03,Conformal alpha_cp=0.50 x1.00 [SACRED],3846.4,1412.4,2434.0,,,,,,,,,True
2026-04-21T15:58:27,Conformal alpha_cp=0.60 x1.00,3759.65,1931.15,1828.5,3173.4,2151.4,1022.0,2.743873594455994,0.47518202872940096,0.30580388233721467,1.5707829519691907,4363.00;3515.00;3584.60;3576.00
2026-04-21T15:58:34,Conformal alpha_cp=0.60 x1.00 [SACRED],3830.7999999999997,1556.7999999999997,2274.0,,,,,,,,,True
2026-04-21T15:58:54,Conformal alpha_cp=0.70 x1.00,3848.7999999999997,2240.05,1608.75,3484.6000000000004,2565.6000000000004,919.0,2.743873594455994,0.47518202872940096,0.30580388233721467,1.7173649768112553,4558.40;3487.80;3675.60;3673.40
2026-04-21T15:59:07,Conformal alpha_cp=0.70 x1.00 [SACRED],3882.4,1879.4,2003.0,,,,,,,,,True
2026-04-21T15:59:41,Conformal alpha_cp=0.80 x1.00,4093.2999999999997,2798.05,1295.25,3982.0,3240.0,742.0,2.743873594455994,0.47518202872940096,0.30580388233721467,2.020762329343974,4902.60;3481.40;3909.80;4079.40
2026-04-21T15:59:49,Conformal alpha_cp=0.80 x1.00 [SACRED],4132.6,2479.6000000000004,1653.0,,,,,,,,,True
2026-04-21T16:00:11,Conformal alpha_cp=0.833 x1.00,4235.35,3046.8500000000004,1188.5,4275.800000000001,3606.8000000000006,669.0,2.743873594455994,0.47518202872940096,0.30580388233721467,2.1596599046927722,5099.80;3502.20;4022.20;4317.20
2026-04-21T16:00:18,Conformal alpha_cp=0.833 x1.00 [SACRED],4275.4,2795.4,1480.0,,,,,,,,,True
2026-04-21T16:00:41,Conformal alpha_cp=0.70 x1.05,3864.45,2410.7000000000003,1453.75,3566.2000000000003,2766.2000000000003,800.0,2.743873594455994,0.47518202872940096,0.30580388233721467,1.787665321821455,4611.40;3450.80;3711.60;3684.00
2026-04-21T16:00:51,Conformal alpha_cp=0.70 x1.05 [SACRED],3852.3999999999996,2035.3999999999999,1817.0,,,,,,,,,True
2026-04-21T16:01:12,Conformal alpha_cp=0.60 x1.05 clip,3752.8,2096.3,1656.5,3235.8000000000006,2342.8000000000006,893.0,2.743873594455994,0.47518202872940096,0.30580388233721467,1.6310483389654795,4407.40;3468.80;3579.40;3555.60
2026-04-21T16:01:22,Conformal alpha_cp=0.60 x1.05 clip [SACRED],3765.4,1701.4,2064.0,,,,,,,,,True
2026-04-21T16:09:51,tcn_cov2_m1.0_h5_hd64,3959.6000000000004,1333.6000000000001,2626.0,,,,2.8463445027121983,0.489275021175992,-0.2396087774267844,,3959.60,2,1.0,0.0,5,64,4,60,15,20
2026-04-21T16:19:14,Ensemble [Optuna-weights],3625.55,1960.8000000000002,1664.75,2941.8,2082.8,859.0,2.744533925541273,0.475332255829366,0.3182719249419168,,3966.20;3451.80;3551.00;3533.20,25,"{'w_ma': 0.28745440577764925, 'w_lgb_share': 0.6970577422304106, 'multiplier': 1.0730735561458948, 'safety_units': 0.5962400445213906}"
2026-04-21T16:19:19,"Ensemble [Optuna-weights, SACRED]",3590.0,1583.0000000000002,2007.0,,,,,,,,,True,"{'w_ma': 0.28745440577764925, 'w_lgb_share': 0.6970577422304106, 'multiplier': 1.0730735561458948, 'safety_units': 0.5962400445213906}"
2026-04-21T16:34:38,Ensemble [Optuna-joint trial 15],3617.4500000000003,1759.4500000000003,1858.0,2906.6000000000004,1947.6000000000004,959.0,2.7298005059533836,0.4727426616742718,0.29153094339729974,,3957.20;3519.40;3529.80;3463.40,3617.4500000000003,0.01807355516637491,False,
2026-04-21T16:34:44,Ensemble [Optuna-joint trial 15] [SACRED],3708.8,1459.8,2249.0,,,,,,,,,True,True,0.01807355516637491
2026-04-21T16:40:39,Ensemble [Consensus-top5 optuna_joint],3603.55,1805.3000000000002,1798.25,2921.4,1991.4,930.0,2.73241797562532,0.4731782771716869,0.323302641899233,,3940.40;3485.80;3539.40;3448.60,3603.55,0.023257443082311764,False,
2026-04-21T16:41:03,Ensemble [Consensus-top5 optuna_joint] [SACRED],3648.8,1474.8,2174.0,,,,,,,,,True,True,0.023257443082311764
2026-04-21T16:57:39,tcn_cov2_m1.10_fast,3674.4500000000003,1552.9500000000003,2121.5,2850.8,1735.8,1115.0,2.677189113295486,0.46403379795984423,-0.14771098054999368,,4034.00;3474.60;3556.60;3632.60,2,1.1,0.0,5,64,4,60,8,10
2026-04-21T17:01:49,"Ensemble [Optuna-weights, single-best]",3625.55,1960.8000000000002,1664.75,2941.8,2082.8,859.0,2.744533925541273,0.475332255829366,0.3182719249419168,,3966.20;3451.80;3551.00;3533.20,3625.55,0.030402802101576247,False,
2026-04-21T17:01:53,"Ensemble [Optuna-weights, single-best] [SACRED]",3590.0,1583.0000000000002,2007.0,,,,,,,,,True,True,0.030402802101576247
2026-04-21T17:02:41,"Ensemble [Optuna-weights, consensus-top5]",3624.05,1806.8000000000002,1817.25,2895.2000000000003,1918.2000000000003,977.0,2.742540905406433,0.47499710227691144,0.3139138176417584,,3944.20;3450.60;3573.60;3527.80,3624.05,0.014080560420315332,False,
2026-04-21T17:03:00,"Ensemble [Optuna-weights, consensus-top5] [SACRED]",3646.6000000000004,1459.6000000000001,2187.0,,,,,,,,,True,True,0.014080560420315332
2026-04-21T17:10:58,"Ensemble [champion, recursive]",3625.55,1960.8000000000002,1664.75,2942.0,2083.0,859.0,2.744530566609086,0.4753316855995965,0.31826556155989455,,3966.20;3451.80;3551.00;3533.20,3625.55,0.030472854640980734,False,
2026-04-21T17:11:04,"Ensemble [champion, recursive] [SACRED]",3590.0,1583.0000000000002,2007.0,,,,,,,,,True,True,0.030472854640980734
2026-04-21T17:12:19,"Ensemble [champion, recursive]",3625.55,1960.8000000000002,1664.75,2942.0,2083.0,859.0,2.744530566609086,0.4753316855995965,0.31826556155989455,,3966.20;3451.80;3551.00;3533.20,3625.55,0.030472854640980734,False,
2026-04-21T17:12:24,"Ensemble [champion, recursive] [SACRED]",3590.0,1583.0000000000002,2007.0,,,,,,,,,True,True,0.030472854640980734
2026-04-21T17:14:02,"Ensemble [champion, direct]",3731.55,2369.3,1362.25,3091.8,2441.8,650.0,3.052290570894549,0.529110147560343,0.9942256727490375,,3955.80;3502.40;4002.00;3466.00,3731.55,0.0829422066549913,False,
2026-04-21T17:14:34,"Ensemble [champion, direct] [SACRED]",3597.8,1374.8000000000002,2223.0,,,,,,,,,True,True,0.0829422066549913
2026-04-21T17:16:58,Ensemble [baseline],3625.55,1960.8000000000002,1664.75,2942.0,2083.0,859.0,2.744530566609086,0.4753316855995965,0.31826556155989455,,3966.20;3451.80;3551.00;3533.20,3625.55,0.030472854640980734,False,
2026-04-21T17:17:03,Ensemble [baseline] [SACRED],3590.0,1583.0000000000002,2007.0,,,,,,,,,True,True,0.030472854640980734
2026-04-21T17:17:18,Ensemble [extended_features],3627.7500000000005,1940.2500000000002,1687.5,3058.0,2249.0,809.0,2.7278712592160135,0.47248108535295136,0.28776570339015234,,3913.80;3485.60;3554.00;3557.60,3627.7500000000005,0.07110332749562172,False,
2026-04-21T17:17:23,Ensemble [extended_features] [SACRED],3594.6000000000004,1652.6000000000001,1942.0,,,,,,,,,True,True,0.07110332749562172
2026-04-21T17:19:31,Ensemble [extended_features_and_direct],3771.7500000000005,2505.25,1266.5,3243.2000000000003,2632.2000000000003,611.0,3.1022499046981533,0.5377427969964432,1.2129063452546054,,4179.00;3499.60;3901.80;3506.60,3771.7500000000005,0.13597197898423827,True,"VAL 3,243 is +13.6% vs baseline 2,855 (tolerance 10%)"
2026-04-21T17:21:56,Ensemble [scaling_only],3647.8500000000004,1891.1000000000001,1756.75,2855.8,2020.8000000000002,835.0,2.7062756295822528,0.4689849363212388,0.20050746756490673,,3865.40;3434.00;3646.20;3645.80,3647.8500000000004,0.00028021015761827735,False,
2026-04-21T17:22:01,Ensemble [scaling_only] [SACRED],3577.6000000000004,1683.6000000000001,1894.0,,,,,,,,,True,True,0.00028021015761827735
2026-04-21T17:22:18,Ensemble [scaling_and_ext_features],3680.8500000000004,2001.3500000000001,1679.5,2856.4,2017.4,839.0,2.7385627688117307,0.47455199175991114,0.36747157596262237,,3941.80;3432.80;3658.00;3690.80,3680.8500000000004,0.0004903677758319058,False,
2026-04-21T17:22:24,Ensemble [scaling_and_ext_features] [SACRED],3643.6000000000004,1751.6000000000001,1892.0,,,,,,,,,True,True,0.0004903677758319058
2026-04-21T17:24:38,Ensemble [full_scalingandextanddirect],3828.5000000000005,2247.2500000000005,1581.25,3069.0,2317.0,752.0,3.0325312603364547,0.5259170732881493,0.7395365564398981,,3973.80;3405.80;4307.20;3627.20,3828.5000000000005,0.07495621716287215,False,
2026-04-21T17:25:25,Ensemble [full_scalingandextanddirect] [SACRED],3619.6,1598.6,2021.0,,,,,,,,,True,True,0.07495621716287215
2026-04-21T17:29:01,Ensemble [baseline_8_fold],4829.0,2140.75,2688.25,2942.0,2083.0,859.0,3.249990236264259,0.4993127814212298,0.27300779912391115,,6387.80;3966.20;4642.00;3451.80;3557.20;3551.00;9542.80;3533.20,4829.0,0.030472854640980734,False,
2026-04-21T17:29:06,Ensemble [baseline_8_fold] [SACRED],3590.0,1583.0000000000002,2007.0,,,,,,,,,True,True,0.030472854640980734
2026-04-21T17:29:28,Ensemble [scaling_8_fold],4827.35,2089.6,2737.75,2855.8,2020.8000000000002,835.0,3.148804669283694,0.48268895373134946,0.17211906884677852,,6559.00;3865.40;4808.20;3434.00;3362.80;3646.20;9297.40;3645.80,4827.35,0.00028021015761827735,False,
2026-04-21T17:29:33,Ensemble [scaling_8_fold] [SACRED],3577.6000000000004,1683.6000000000001,1894.0,,,,,,,,,True,True,0.00028021015761827735
2026-04-21T17:33:13,tcn_cov2_m1.05,3702.55,1467.0500000000002,2235.5,2856.8,1674.8000000000004,1182.0,2.686172553464049,0.4656551991857849,-0.013717012565933329,,4018.40;3533.40;3571.80;3686.60,2,1.05,0.0,5,64,4,60,8,10
2026-04-21T17:58:51,tcn_cov2_m1.15,3671.4,1792.15,1879.25,2911.8,1907.8000000000002,1004.0,2.7063854440339803,0.4690226815074489,-0.031403458094183906,,3938.20;3466.80;3622.60;3658.00,2,1.15,0.0,5,64,4,60,8,10
2026-04-21T19:03:10,Ensemble [champion_scaling_only],4827.35,2089.6,2737.75,2855.8,2020.8000000000002,835.0,3.148804669283694,0.48268895373134946,0.17211906884677852,,6559.00;3865.40;4808.20;3434.00;3362.80;3646.20;9297.40;3645.80,4827.35,0.00028021015761827735,False,
2026-04-21T19:03:15,Ensemble [champion_scaling_only] [SACRED],3577.6000000000004,1683.6000000000001,1894.0,,,,,,,,,True,True,0.00028021015761827735
2026-04-21T19:03:39,Ensemble [scaling_and_recency_0p5],4830.375,2096.375,2734.0,2839.6,2013.6,826.0,3.155688276506341,0.48361434388276636,0.18105360861112327,,6559.00;3865.40;4808.20;3423.80;3375.00;3646.40;9300.60;3664.60,4830.375,-0.005394045534150645,False,
2026-04-21T19:03:43,Ensemble [scaling_and_recency_0p5] [SACRED],3582.6,1732.6,1850.0,,,,,,,,,True,True,-0.005394045534150645
2026-04-21T19:04:04,Ensemble [scaling_and_recency_0p7],4834.849999999999,2092.725,2742.125,2838.8,2000.8000000000002,838.0,3.154148367550391,0.48321268341390367,0.17520892097687765,,6559.00;3865.40;4808.20;3442.60;3371.00;3645.20;9339.80;3647.60,4834.849999999999,-0.0056742556917687625,False,
2026-04-21T19:04:11,Ensemble [scaling_and_recency_0p7] [SACRED],3583.4,1708.4,1875.0,,,,,,,,,True,True,-0.0056742556917687625
2026-04-21T19:04:44,Ensemble [scaling_and_ext_feat_ewmandmore_std],4864.0,2148.625,2715.375,2861.0,2022.0000000000002,839.0,3.1543382387287004,0.48332052791710395,0.24720275410172637,,6602.40;3963.20;4819.60;3450.60;3360.40;3663.40;9368.60;3683.80,4864.0,0.0021015761821366026,False,
2026-04-21T19:04:52,Ensemble [scaling_and_ext_feat_ewmandmore_std] [SACRED],3625.6000000000004,1752.6000000000004,1873.0,,,,,,,,,True,True,0.0021015761821366026
2026-04-21T19:05:40,Ensemble [scaling_and_ext_feat_and_recency_0p5],4857.725,2148.2250000000004,2709.5,2839.4,1995.4,844.0,3.155235927921182,0.4832299254588339,0.2495376262665387,,6602.40;3963.20;4819.60;3436.60;3361.20;3648.60;9349.80;3680.40,4857.725,-0.005464098073555135,False,
2026-04-21T19:05:46,Ensemble [scaling_and_ext_feat_and_recency_0p5] [SACRED],3621.2,1781.1999999999998,1840.0,,,,,,,,,True,True,-0.005464098073555135
2026-04-21T19:10:08,Ensemble [localstandardscaler_current_champion],4827.35,2089.6,2737.75,2855.8,2020.8000000000002,835.0,3.148804669283694,0.48268895373134946,0.17211906884677852,,6559.00;3865.40;4808.20;3434.00;3362.80;3646.20;9297.40;3645.80,4827.35,0.00028021015761827735,False,
2026-04-21T19:10:14,Ensemble [localstandardscaler_current_champion] [SACRED],3577.6000000000004,1683.6000000000001,1894.0,,,,,,,,,True,True,0.00028021015761827735
2026-04-21T19:10:39,Ensemble [annualdivisorscaler_paper_53_wk],4834.35,2067.1000000000004,2767.25,2875.8,2045.8000000000002,830.0,3.1489332598662982,0.4820430149145706,0.12892316112865143,,6539.60;3884.40;4875.00;3416.60;3467.40;3660.40;9229.40;3602.00,4834.35,0.007285464098073619,False,
2026-04-21T19:10:44,Ensemble [annualdivisorscaler_paper_53_wk] [SACRED],3546.0,1783.0000000000002,1763.0,,,,,,,,,True,True,0.007285464098073619
2026-04-21T19:13:29,tcn_cov2_m1.10_SACRED,3808.6000000000004,1264.6000000000001,2544.0,,,,,,,,,2,1.1,0.0,4722.4,913.8,543.4
2026-04-21T19:32:06,Ensemble [champion_scaling],4827.35,2089.6,2737.75,2855.8,2020.8000000000002,835.0,3.148804669283694,0.48268895373134946,0.17211906884677852,,6559.00;3865.40;4808.20;3434.00;3362.80;3646.20;9297.40;3645.80,4827.35,0.00028021015761827735,False,
2026-04-21T19:32:11,Ensemble [champion_scaling] [SACRED],3577.6000000000004,1683.6000000000001,1894.0,,,,,,,,,True,True,0.00028021015761827735
2026-04-21T19:33:41,Ensemble [champion_and_categorical],4834.625000000001,2073.25,2761.375,2853.0,2018.0000000000002,835.0,3.1527381440193345,0.4834333965821257,0.1410777626169687,,6547.80;3855.40;4741.80;3469.80;3389.80;3614.80;9393.20;3664.40,4834.625000000001,-0.0007005253940455342,False,
2026-04-21T19:33:58,Ensemble [champion_and_categorical] [SACRED],3613.6,1684.6,1929.0,,,,,,,,,True,True,-0.0007005253940455342
2026-04-21T19:42:37,Ensemble [champion_scaling],4827.35,2089.6,2737.75,2855.8,2020.8000000000002,835.0,3.148804669283694,0.48268895373134946,0.17211906884677852,,6559.00;3865.40;4808.20;3434.00;3362.80;3646.20;9297.40;3645.80,4827.35,0.00028021015761827735,False,
2026-04-21T19:42:42,Ensemble [champion_scaling] [SACRED],3577.6000000000004,1683.6000000000001,1894.0,,,,,,,,,True,True,0.00028021015761827735
2026-04-21T19:43:38,Ensemble [champion_and_intermittency],4826.599999999999,2111.1,2715.5,2823.8,2009.8000000000002,814.0,3.1533481138906625,0.4829592355921919,0.20666527944431978,,6511.40;3895.00;4783.40;3426.40;3349.60;3638.80;9379.80;3628.40,4826.599999999999,-0.01092819614711027,False,
2026-04-21T19:43:53,Ensemble [champion_and_intermittency] [SACRED],3589.0,1692.0,1897.0,,,,,,,,,True,True,-0.01092819614711027
2026-04-21T19:49:50,tcn_v2_cov2_m1.10,4192.65,914.6500000000001,3278.0,3189.4,802.4000000000001,2387.0,2.7567724100955173,0.47765701129578597,-1.4406258204374536,,4593.40;4140.00;3953.20;4084.00,2,1.1,0.0,5,64,4,60,8,10
2026-04-21T19:57:52,Ensemble [champion_scaling],4827.35,2089.6,2737.75,2855.8,2020.8000000000002,835.0,3.148804669283694,0.48268895373134946,0.17211906884677852,,6559.00;3865.40;4808.20;3434.00;3362.80;3646.20;9297.40;3645.80,4827.35,0.00028021015761827735,False,
2026-04-21T19:57:57,Ensemble [champion_scaling] [SACRED],3577.6000000000004,1683.6000000000001,1894.0,,,,,,,,,True,True,0.00028021015761827735
2026-04-21T19:59:12,Ensemble [champion_and_stats_0p10],4837.424999999999,2118.3,2719.125,2886.2000000000003,2072.2000000000003,814.0,3.153142475249302,0.48407925228412474,0.20788468721387926,,6514.40;3865.00;4789.20;3499.00;3486.00;3579.40;9318.00;3648.40,4837.424999999999,0.01092819614711043,False,
2026-04-21T19:59:36,Ensemble [champion_and_stats_0p10] [SACRED],3594.6,1704.6,1890.0,,,,,,,,,True,True,0.01092819614711043
2026-04-21T20:00:51,Ensemble [champion_and_stats_0p20],4865.275000000001,2157.7750000000005,2707.5,2944.0000000000005,2134.0000000000005,810.0,3.186023086896518,0.49002949687797237,0.2436503055809793,,6419.40;3876.80;4767.80;3632.60;3641.80;3605.60;9344.00;3634.20,4865.275000000001,0.03117338003502643,False,
2026-04-21T20:01:16,Ensemble [champion_and_stats_0p20] [SACRED],3620.6000000000004,1722.6000000000001,1898.0,,,,,,,,,True,True,0.03117338003502643
2026-04-21T20:02:36,Ensemble [champion_and_stats_0p30],4910.9,2203.9,2707.0,2987.8,2192.8,795.0,3.2335294284610434,0.49820215647230615,0.2794159239480802,,6360.20;3897.60;4757.40;3786.40;3814.60;3663.00;9370.20;3637.80,4910.9,0.04651488616462353,False,
2026-04-21T20:03:07,Ensemble [champion_and_stats_0p30] [SACRED],3670.3999999999996,1757.3999999999999,1913.0,,,,,,,,,True,True,0.04651488616462353
2026-04-21T20:08:58,tcn_v2_noaug_cov2_m1.10,4212.1,929.6000000000001,3282.5,3209.2,841.2,2368.0,2.760317307564704,0.47835492407573005,-1.4365664577577002,,4556.00;4082.80;4140.20;4069.40,2,1.1,0.0,5,64,4,60,8,10
2026-04-21T20:09:02,Ensemble [champion_scaling],4827.35,2089.6,2737.75,2855.8,2020.8000000000002,835.0,3.148804669283694,0.48268895373134946,0.17211906884677852,,6559.00;3865.40;4808.20;3434.00;3362.80;3646.20;9297.40;3645.80,4827.35,0.00028021015761827735,False,
2026-04-21T20:09:06,Ensemble [champion_scaling] [SACRED],3577.6000000000004,1683.6000000000001,1894.0,,,,,,,,,True,True,0.00028021015761827735
2026-04-21T20:14:35,Ensemble [champion_cluster_4],4823.65,2094.4,2729.25,2824.6000000000004,1987.6000000000001,837.0,3.143934866864334,0.48175942818979534,0.1781580996863449,,6557.40;3854.00;4807.00;3443.80;3362.80;3636.60;9291.80;3635.80,4823.65,-0.010647985989491992,False,
2026-04-21T20:14:41,Ensemble [champion_cluster_4] [SACRED],3586.2,1694.2,1892.0,,,,,,,,,True,True,-0.010647985989491992
2026-04-21T20:15:20,Ensemble [champion_cluster_8],4819.375,2096.5,2722.875,2832.0,1991.0,841.0,3.1538360582215326,0.4835700164392882,0.18925689142962587,,6589.20;3862.40;4785.00;3428.60;3367.40;3634.20;9258.20;3630.00,4819.375,-0.008056042031523642,False,
2026-04-21T20:15:25,Ensemble [champion_cluster_8] [SACRED],3581.4,1691.4,1890.0,,,,,,,,,True,True,-0.008056042031523642
2026-04-21T20:15:59,Ensemble [champion_cluster_12],4831.3,2096.3,2735.0,2835.8,1995.8000000000002,840.0,3.1504112203279675,0.48284905297179453,0.18016944238753357,,6569.00;3862.60;4809.20;3439.80;3371.20;3647.20;9314.60;3636.80,4831.3,-0.006725043782837064,False,
2026-04-21T20:16:04,Ensemble [champion_cluster_12] [SACRED],3582.0,1694.0,1888.0,,,,,,,,,True,True,-0.006725043782837064
2026-04-21T20:29:14,Ensemble [current_champion_scalingandcluster],4819.375,2096.5,2722.875,2832.0,1991.0,841.0,3.1538360582215326,0.4835700164392882,0.18925689142962587,,6589.20;3862.40;4785.00;3428.60;3367.40;3634.20;9258.20;3630.00,4819.375,-0.008056042031523642,False,
2026-04-21T20:29:19,Ensemble [current_champion_scalingandcluster] [SACRED],3581.4,1691.4,1890.0,,,,,,,,,True,True,-0.008056042031523642
2026-04-21T20:29:48,Ensemble [and_hierarchical_features],4818.325000000001,2103.7,2714.625,2889.2000000000003,2126.2000000000003,763.0,3.2080679102642726,0.4899212275345455,0.19166059491805,,6292.60;3980.00;4895.60;3335.60;3433.80;3627.00;9371.00;3611.00,4818.325000000001,0.01197898423817873,False,
2026-04-21T20:29:53,Ensemble [and_hierarchical_features] [SACRED],3514.4,1702.4,1812.0,,,,,,,,,True,True,0.01197898423817873
2026-04-21T20:37:40,tcn_v2_nosoftplus_cov2_m1.10,3787.35,1562.35,2225.0,2869.2000000000003,1620.2000000000003,1249.0,2.7569418929602265,0.47789582498923044,-0.15352436544712578,,3993.60;3579.40;3833.40;3743.00,2,1.1,0.0,5,64,4,60,8,10
2026-04-21T20:57:22,cap_smoke,5143.0,4495.0,648.0,,,,6.215031529804582,0.7023937397603116,-5.870034374575146,3.120345001017831,5143.00,0.833,1.0,0.25,0.5,26,4.5
2026-04-21T21:02:42,cap_a0.6_m1.0,3862.8,2089.8,1773.0,,,,6.215031529804582,0.7023937397603116,-5.870034374575146,3.5070486690120326,3862.80,0.6,1.0,0.25,0.5,26,4.6
2026-04-21T21:02:50,cap_a0.7_m1.0,3953.8,2476.8,1477.0,,,,6.215031529804582,0.7023937397603116,-5.870034374575146,3.829065844676335,3953.80,0.7,1.0,0.25,0.5,26,4.7
2026-04-21T21:02:58,cap_a0.833_m1.0,4275.0,3131.0000000000005,1144.0,,,,6.215031529804582,0.7023937397603116,-5.870034374575146,4.067676618220707,4275.00,0.833,1.0,0.25,0.5,26,5.5
2026-04-21T21:03:22,cap_a0.5_m1.0,3860.6000000000004,1715.6000000000001,2145.0,,,,6.215031529804582,0.7023937397603116,-5.870034374575146,3.107515764902291,3860.60,0.5,1.0,0.25,0.5,26,4.9
2026-04-21T21:03:31,cap_a0.55_m1.0,3864.0,1909.0,1955.0,,,,6.215031529804582,0.7023937397603116,-5.870034374575146,3.3156125671157612,3864.00,0.55,1.0,0.25,0.5,26,5.7
2026-04-21T21:03:39,cap_a0.65_m1.0,3904.8,2280.8,1624.0,,,,6.215031529804582,0.7023937397603116,-5.870034374575146,3.679131175402233,3904.80,0.65,1.0,0.25,0.5,26,4.5
2026-04-21T21:07:56,cap2_a0.5_m1.0,3850.2,1092.2,2758.0,,,,6.243786261383536,0.705643464778228,-5.914561969471998,3.121893130691768,3850.20,0.5,1.0,0.25,0.5,26,4.4
2026-04-21T21:08:04,cap2_a0.6_m1.0,3707.4000000000005,1304.4000000000003,2403.0,,,,6.243786261383536,0.705643464778228,-5.914561969471998,3.5259842731520434,3707.40,0.6,1.0,0.25,0.5,26,4.4
2026-04-21T21:08:11,cap2_a0.7_m1.0,3646.2000000000003,1541.2000000000003,2105.0,,,,6.243786261383536,0.705643464778228,-5.914561969471998,3.852282828450803,3646.20,0.7,1.0,0.25,0.5,26,4.4
2026-04-21T21:08:19,cap2_a0.833_m1.0,3742.0,2000.0000000000002,1742.0,,,,6.243786261383536,0.705643464778228,-5.914561969471998,4.09467140469526,3742.00,0.833,1.0,0.25,0.5,26,4.4
2026-04-21T21:08:26,cap2_a0.9_m1.0,3991.2,2537.2,1454.0,,,,6.243786261383536,0.705643464778228,-5.914561969471998,3.9449730236402862,3991.20,0.9,1.0,0.25,0.5,26,4.4
2026-04-21T21:09:14,cap2_a0.65_m1.0,3355.75,1462.25,1893.5,2593.0000000000005,1540.0000000000005,1053.0,6.130630863536124,0.6956176112777711,-5.767931302882095,3.549678939682975,3658.40;3329.40;3155.80;3279.40,0.65,1.0,0.25,0.5,26,26.8
2026-04-21T21:09:43,cap2_a0.70_m1.0,3364.95,1626.4500000000003,1738.5,2639.0,1656.0000000000002,983.0,6.130630863536124,0.6956176112777711,-5.767931302882095,3.6621346376537116,3646.20;3391.60;3155.20;3266.80,0.7,1.0,0.25,0.5,26,25.6
2026-04-21T21:10:10,cap2_a0.75_m1.0,3409.2500000000005,1810.5000000000005,1598.75,2687.0,1788.0,899.0,6.130630863536124,0.6956176112777711,-5.767931302882095,3.741735435524948,3660.00;3511.80;3189.00;3276.20,0.75,1.0,0.25,0.5,26,24.7
2026-04-21T21:10:59,cap2_a0.55_m1.0,3435.25,1184.0,2251.25,2565.8,1332.8000000000002,1233.0,6.130630863536124,0.6956176112777711,-5.767931302882095,3.2474300199615533,3768.60;3359.40;3265.40;3347.60,0.55,1.0,0.25,0.5,26,26.2
2026-04-21T21:11:27,cap2_a0.60_m1.0,3380.05,1314.8000000000002,2065.25,2569.8,1431.8000000000002,1138.0,6.130630863536124,0.6956176112777711,-5.767931302882095,3.4099843293989625,3707.40;3325.60;3188.80;3298.40,0.6,1.0,0.25,0.5,26,24.9
2026-04-21T21:11:55,cap2_a0.625_m1.0,3362.75,1386.5,1976.25,2585.0,1486.0,1099.0,6.130630863536124,0.6956176112777711,-5.767931302882095,3.4830073552357854,3674.60;3330.40;3159.40;3286.60,0.625,1.0,0.25,0.5,26,25.2
2026-04-21T21:12:49,cap2_a0.65_m1.0_SACRED,3349.6000000000004,1419.6000000000001,1930.0,,,,,,,,,0.65,1.0,4263.4,913.8,6.2
2026-04-21T21:17:18,cap2_8f_a0.55_m1.0,4467.7,1267.95,3199.75,2565.8,1332.8000000000002,1233.0,6.820819801344125,0.6949075163450136,-6.34641706425108,3.628894519814393,6227.40;3768.60;4568.20;3359.40;3469.00;3265.40;7736.00;3347.60,0.55,1.0,0.25,0.5,26,47.5
2026-04-21T21:18:09,cap2_8f_a0.60_m1.0,4390.875,1384.3750000000002,3006.5,2569.8,1431.8000000000002,1138.0,6.820819801344125,0.6949075163450136,-6.34641706425108,3.8282752854506406,6161.80;3707.40;4467.00;3325.60;3376.80;3188.80;7601.20;3298.40,0.6,1.0,0.25,0.5,26,47.9
2026-04-21T21:18:57,cap2_8f_a0.625_m1.0,4361.675,1446.4250000000002,2915.25,2585.0,1486.0,1099.0,6.820819801344125,0.6949075163450136,-6.34641706425108,3.9199554599041506,6137.20;3674.60;4422.40;3330.40;3329.20;3159.40;7553.60;3286.60,0.625,1.0,0.25,0.5,26,44.2
2026-04-21T21:19:44,cap2_8f_a0.65_m1.0,4339.375,1512.25,2827.125,2593.0000000000005,1540.0000000000005,1053.0,6.820819801344125,0.6949075163450136,-6.34641706425108,4.0055010053446045,6114.80;3658.40;4382.40;3329.40;3286.00;3155.80;7508.80;3279.40,0.65,1.0,0.25,0.5,26,44.5
2026-04-21T21:20:31,cap2_8f_a0.70_m1.0,4318.674999999999,1658.6750000000002,2660.0,2639.0,1656.0000000000002,983.0,6.820819801344125,0.6949075163450136,-6.34641706425108,4.156421731592564,6083.80;3646.20;4326.60;3391.60;3244.20;3155.20;7435.00;3266.80,0.7,1.0,0.25,0.5,26,43.9
2026-04-21T21:21:19,cap2_8f_a0.75_m1.0,4322.775,1820.4,2502.375,2687.0,1788.0,899.0,6.820819801344125,0.6949075163450136,-6.34641706425108,4.275908133906549,6069.60;3660.00;4266.20;3511.80;3234.80;3189.00;7374.60;3276.20,0.75,1.0,0.25,0.5,26,44.2
2026-04-22T08:27:36,cap2_8f_TUNED_a0.6_m1.0,4380.225,1343.475,3036.75,2586.4,1284.4,1302.0,6.8514358244579405,0.698887730392667,-6.370154635474551,3.847735328724775,6262.60;3855.40;4504.60;3286.40;3213.40;3290.00;7269.60;3359.80,0.6,1.0,True,46.3
2026-04-22T08:28:21,cap2_8f_TUNED_a0.65_m1.0,4327.7,1475.2,2852.5,2586.4,1398.4,1188.0,6.8514358244579405,0.698887730392667,-6.370154635474551,4.026687603152774,6184.60;3789.60;4423.00;3285.80;3128.00;3255.80;7210.80;3344.00,0.65,1.0,True,45.2
2026-04-22T08:29:07,cap2_8f_TUNED_a0.7_m1.0,4295.95,1617.825,2678.125,2611.4,1512.4,1099.0,6.8514358244579405,0.698887730392667,-6.370154635474551,4.179810377791236,6132.40;3774.60;4341.40;3329.60;3074.60;3226.40;7167.60;3321.00,0.7,1.0,True,45.9
2026-04-22T08:30:15,cap2_8f_TUNED_a0.7_m0.95,4352.425,1509.3000000000002,2843.125,2616.2000000000003,1413.2000000000003,1203.0,6.8514358244579405,0.698887730392667,-6.370154635474551,4.292234851530844,6218.20;3810.40;4443.40;3325.20;3137.80;3265.80;7281.00;3337.60,0.7,0.95,True,45.4
2026-04-22T08:31:01,cap2_8f_TUNED_a0.7_m1.0,4295.95,1617.825,2678.125,2611.4,1512.4,1099.0,6.8514358244579405,0.698887730392667,-6.370154635474551,4.179810377791236,6132.40;3774.60;4341.40;3329.60;3074.60;3226.40;7167.60;3321.00,0.7,1.0,True,45.7
2026-04-22T08:31:49,cap2_8f_TUNED_a0.7_m1.05,4259.125,1727.125,2532.0,2629.0,1613.0000000000002,1016.0,6.8514358244579405,0.698887730392667,-6.370154635474551,4.069948999075294,6051.60;3740.40;4275.00;3360.40;3040.20;3198.20;7089.20;3318.00,0.7,1.05,True,48.4
2026-04-22T08:32:39,cap2_8f_TUNED_a0.75_m0.95,4329.275,1658.025,2671.25,2650.2,1538.2,1112.0,6.8514358244579405,0.698887730392667,-6.370154635474551,4.427706199437377,6155.20;3777.80;4389.40;3394.60;3075.40;3266.00;7243.80;3332.00,0.75,0.95,True,49.8
2026-04-22T08:33:25,cap2_8f_TUNED_a0.75_m1.0,4290.225,1778.8500000000001,2511.375,2657.0,1646.0,1011.0,6.8514358244579405,0.698887730392667,-6.370154635474551,4.301111380674744,6072.20;3758.20;4285.20;3447.80;3029.80;3242.20;7149.80;3336.60,0.75,1.0,True,45.9
2026-04-22T08:34:20,cap2_8f_TUNED_a0.75_m1.05,4270.575,1903.95,2366.625,2691.4,1765.4,926.0,6.8514358244579405,0.698887730392667,-6.370154635474551,4.177799738201274,6004.60;3747.60;4227.00;3510.80;3019.00;3226.40;7078.00;3351.20,0.75,1.05,True,55.5
2026-04-22T08:35:46,cap2_8f_TUNED_a0.7_m1.1,4230.425,1840.8000000000002,2389.625,2651.0,1720.0,931.0,6.8514358244579405,0.698887730392667,-6.370154635474551,3.962834247392312,5985.00;3731.60;4187.00;3399.40;3017.20;3182.80;7022.40;3318.00,0.7,1.1,True,52.4
2026-04-22T08:36:47,cap2_8f_TUNED_a0.7_m1.15,4222.200000000001,1961.575,2260.625,2699.4000000000005,1836.4000000000003,863.0,6.8514358244579405,0.698887730392667,-6.370154635474551,3.858322946253736,5942.80;3727.40;4150.20;3467.60;3018.80;3162.60;6969.20;3339.00,0.7,1.15,True,60.6
2026-04-22T08:37:34,cap2_8f_TUNED_a0.7_m1.2,4218.924999999999,2078.675,2140.25,2744.6,1951.6,793.0,6.8514358244579405,0.698887730392667,-6.370154635474551,3.7572774956292374,5919.60;3714.20;4109.60;3511.80;3026.20;3162.20;6937.60;3370.20,0.7,1.2,True,47.6
2026-04-22T08:39:48,cap2_TUNED_a0.7_m1.05_SACRED,3399.4000000000005,1750.4000000000003,1649.0,,,,,,,,,0.7,1.05,True,4313.2,913.8,6.6
2026-04-22T08:47:13,cap2_a0.65_r5_m0.7,4522.85,1430.9750000000001,3091.875,2692.0000000000005,1476.0000000000005,1216.0,6.820819801344125,0.6949075163450136,-6.34641706425108,4.111417570837218,6059.40;3782.00;4764.80;3411.00;3448.40;3178.60;8033.20;3505.40,0.65,5,0.7,1.00;1.00;1.00;1.00;1.00;0.70,49.0
2026-04-22T08:48:13,cap2_a0.65_r5_m0.8,4448.35,1453.7250000000001,2994.625,2649.4000000000005,1496.4000000000003,1153.0,6.820819801344125,0.6949075163450136,-6.34641706425108,4.074517410535359,6071.20;3732.00;4629.00;3374.00;3370.20;3160.60;7837.60;3412.20,0.65,5,0.8,1.00;1.00;1.00;1.00;1.00;0.80,59.8
2026-04-22T08:49:03,cap2_a0.65_r5_m0.9,4389.450000000001,1481.4500000000003,2908.0,2613.0000000000005,1518.0000000000005,1095.0,6.820819801344125,0.6949075163450136,-6.34641706425108,4.039188425318223,6087.80;3698.60;4506.80;3348.60;3316.80;3153.20;7667.40;3336.40,0.65,5,0.9,1.00;1.00;1.00;1.00;1.00;0.90,49.4
2026-04-22T08:50:00,cap2_a0.65_r5_m1.0,4339.375,1512.25,2827.125,2593.0000000000005,1540.0000000000005,1053.0,6.820819801344125,0.6949075163450136,-6.34641706425108,4.0055010053446045,6114.80;3658.40;4382.40;3329.40;3286.00;3155.80;7508.80;3279.40,0.65,5,1.0,1.00;1.00;1.00;1.00;1.00;1.00,57.5
2026-04-22T08:50:46,cap2_a0.65_r5_m1.1,4305.025,1547.65,2757.375,2587.8,1566.8000000000004,1021.0,6.820819801344125,0.6949075163450136,-6.34641706425108,3.9738081785475723,6142.80;3634.20;4271.20;3322.60;3282.20;3176.20;7375.80;3235.20,0.65,5,1.1,1.00;1.00;1.00;1.00;1.00;1.10,46.2
2026-04-22T08:52:05,cap2_a0.65_r5_m1.2,4278.025,1585.4,2692.625,2589.4000000000005,1599.4000000000003,990.0,6.820819801344125,0.6949075163450136,-6.34641706425108,3.944593920018951,6173.80;3609.20;4165.80;3320.00;3277.00;3198.80;7272.20;3207.40,0.65,5,1.2,1.00;1.00;1.00;1.00;1.00;1.20,46.7
2026-04-22T08:52:50,cap2_a0.65_r5_m1.3,4268.55,1627.0500000000002,2641.5,2601.0000000000005,1635.0000000000005,966.0,6.820819801344125,0.6949075163450136,-6.34641706425108,3.9183229092117475,6214.20;3595.80;4086.60;3334.00;3295.60;3228.60;7213.20;3180.40,0.65,5,1.3,1.00;1.00;1.00;1.00;1.00;1.30,45.4
2026-04-22T08:53:35,cap2_a0.65_r5_m1.4,4261.875,1670.25,2591.625,2615.4000000000005,1669.4000000000003,946.0,6.820819801344125,0.6949075163450136,-6.34641706425108,3.894214430041676,6241.80;3586.60;4016.40;3350.80;3318.80;3261.00;7162.60;3157.00,0.65,5,1.4,1.00;1.00;1.00;1.00;1.00;1.40,44.7
2026-04-22T08:54:23,cap2_a0.65_r5_m1.5,4264.25,1715.125,2549.125,2645.0000000000005,1712.0000000000005,933.0,6.820819801344125,0.6949075163450136,-6.34641706425108,3.872456229100095,6278.40;3579.00;3964.80;3371.20;3344.20;3301.20;7119.80;3155.40,0.65,5,1.5,1.00;1.00;1.00;1.00;1.00;1.50,47.6
2026-04-22T09:06:44,cap2_a0.65_zero_bin_intermittent_m1.0,4339.375,1512.25,2827.125,2593.0000000000005,1540.0000000000005,1053.0,6.820819801344125,0.6949075163450136,-6.34641706425108,4.0055010053446045,6114.80;3658.40;4382.40;3329.40;3286.00;3155.80;7508.80;3279.40,0.65,zero_bin,intermittent,1.0,intermittent=1.00,50.9
2026-04-22T09:07:36,cap2_a0.65_zero_bin_intermittent_m1.05,4331.35,1554.725,2776.625,2604.3999999999996,1570.3999999999999,1034.0,6.820819801344125,0.6949075163450136,-6.34641706425108,3.9760362526976443,6101.60;3654.60;4361.60;3323.20;3276.20;3149.40;7502.00;3282.20,0.65,zero_bin,intermittent,1.05,intermittent=1.05,51.8
2026-04-22T09:08:27,cap2_a0.65_zero_bin_intermittent_m1.1,4326.95,1593.9500000000003,2733.0,2616.0,1605.0,1011.0,6.820819801344125,0.6949075163450136,-6.34641706425108,3.9476217846620525,6084.60;3648.80;4343.60;3330.00;3278.40;3155.80;7496.00;3278.40,0.65,zero_bin,intermittent,1.1,intermittent=1.10,51.1
2026-04-22T09:09:16,cap2_a0.65_zero_bin_intermittent_m1.15,4322.45,1636.325,2686.125,2628.6000000000004,1639.6000000000001,989.0,6.820819801344125,0.6949075163450136,-6.34641706425108,3.920145370618201,6070.80;3650.20;4302.00;3335.00;3285.00;3154.60;7496.00;3286.00,0.65,zero_bin,intermittent,1.15,intermittent=1.15,48.5
2026-04-22T09:10:04,cap2_a0.65_zero_bin_intermittent_m1.2,4323.275,1676.9000000000003,2646.375,2638.6,1674.6,964.0,6.820819801344125,0.6949075163450136,-6.34641706425108,3.893675463186832,6074.40;3656.20;4288.20;3326.00;3282.00;3177.20;7491.60;3290.60,0.65,zero_bin,intermittent,1.2,intermittent=1.20,48.7
2026-04-22T09:11:22,cap2_a0.65_zero_bin_smooth_m0.85,4521.925,1332.425,3189.5,2603.8,1340.8,1263.0,6.820819801344125,0.6949075163450136,-6.34641706425108,4.208887996491164,6230.60;3733.20;4619.00;3311.20;3475.20;3327.00;8038.20;3441.00,0.65,zero_bin,smooth,0.85,smooth=0.85,49.4
2026-04-22T09:12:10,cap2_a0.65_zero_bin_smooth_m0.9,4438.825,1392.6999999999998,3046.125,2594.6,1413.6,1181.0,6.820819801344125,0.6949075163450136,-6.34641706425108,4.140475366454328,6170.20;3692.80;4522.60;3303.20;3399.60;3249.60;7807.60;3365.00,0.65,zero_bin,smooth,0.9,smooth=0.90,48.5
2026-04-22T09:12:59,cap2_a0.65_zero_bin_smooth_m0.95,4377.674999999999,1453.0500000000002,2924.625,2588.8,1476.8000000000002,1112.0,6.820819801344125,0.6949075163450136,-6.34641706425108,4.072686154185975,6124.40;3679.00;4443.40;3311.00;3331.00;3186.80;7641.60;3304.20,0.65,zero_bin,smooth,0.95,smooth=0.95,48.9
2026-04-22T09:13:47,cap2_a0.65_zero_bin_smooth_m1.0,4339.375,1512.25,2827.125,2593.0000000000005,1540.0000000000005,1053.0,6.820819801344125,0.6949075163450136,-6.34641706425108,4.0055010053446045,6114.80;3658.40;4382.40;3329.40;3286.00;3155.80;7508.80;3279.40,0.65,zero_bin,smooth,1.0,smooth=1.00,47.8
2026-04-22T09:25:53,oe_A_avg2,4276.175,1598.1750000000002,2678.0,2585.2,1556.2,1029.0,6.825212607860705,0.6959648066022128,-6.358285849862815,3.901253116160281,6025.80;3694.20;4342.40;3324.20;3161.00;3155.60;7218.20;3288.00,order_avg,93.7
2026-04-22T09:27:47,oe_B_avg3,4363.525000000001,1728.9,2634.625,2600.2000000000003,1663.2000000000003,937.0,6.0088509777069135,0.6133933175781578,-5.266360697589172,3.902645043439382,6101.00;3688.20;4404.20;3276.00;3138.60;3226.00;7731.80;3342.40,order_avg,114.4
2026-04-22T09:29:19,oe_C_lohi,4375.6,1533.85,2841.75,2636.0,1558.0000000000002,1078.0,6.820819801344125,0.6949075163450136,-6.34641706425108,3.9914404935474215,6149.40;3708.20;4432.40;3381.60;3334.60;3176.40;7529.20;3293.00,order_avg,91.5
2026-04-22T09:30:32,oe_A_avg2_SACRED,3357.8,1568.8000000000002,1789.0,,,,,,,,,order_avg,cap2_a0.65_m1.0_untuned + cap2_a0.70_m1.05_tuned,"0.5,0.5",4271.6,913.8,12.9
2026-04-22T11:04:34,conf_cap_a0.55_m1.0,4538.05,1327.425,3210.625,2583.0,1440.0,1143.0,6.595560249031212,0.6712519937112886,-6.0014617169347515,3.597853210362344,6625.40;3771.00;4419.60;3377.40;3500.60;3328.40;7905.80;3376.20,0.55,1.0,conformal_distribution,2,11,52.3
2026-04-22T11:05:21,conf_cap_a0.65_m1.0,4444.25,1710.0,2734.25,2786.6000000000004,1860.6000000000001,926.0,6.199406711186187,0.6299941374249562,-5.306393078542941,3.895662317374535,6478.20;3721.00;4205.60;3369.80;3375.20;3316.20;7668.40;3419.60,0.65,1.0,conformal_distribution,2,11,47.2
2026-04-22T11:06:13,conf_cap_a0.7_m1.0,4416.0,1872.25,2543.75,2885.2000000000003,2046.2000000000003,839.0,6.040214401198099,0.6133987071850566,-5.008806161038699,4.021868432806789,6432.80;3729.00;4147.00;3384.80;3317.00;3280.20;7588.20;3449.00,0.7,1.0,conformal_distribution,2,11,51.8
2026-04-22T11:14:58,conf_cap_a0.75_m1.0,4407.4,2027.65,2379.75,2981.2000000000003,2230.2000000000003,751.0,5.905532553605344,0.5993834211632074,-4.736192944380285,4.136814512897743,6412.00;3791.00;4136.20;3399.40;3275.80;3274.00;7502.60;3468.20,0.75,1.0,conformal_distribution,2,11,49.7
2026-04-22T11:15:43,conf_cap_a0.833_m1.0,4468.575000000001,2322.7000000000003,2145.875,3228.4,2601.4,627.0,5.722777376260493,0.5805595250031872,-4.283655004727322,4.287845804704444,6418.20;3981.60;4211.80;3515.00;3281.20;3331.20;7419.00;3590.60,0.833,1.0,conformal_distribution,2,11,45.8
2026-04-22T11:16:28,conf_cap_a0.9_m1.0,4573.0,2585.25,1987.75,3495.6,2957.6,538.0,5.610944519325834,0.5692340683539427,-3.9183532944050476,4.372813577424936,6453.20;4173.00;4370.40;3658.60;3370.40;3418.60;7386.60;3753.20,0.9,1.0,conformal_distribution,2,11,45.0
2026-04-22T11:17:14,conf_cap_a0.95_m1.0,4687.475,2800.7250000000004,1886.75,3744.2000000000007,3256.2000000000007,488.0,5.547684406302811,0.5629173306118848,-3.645740077746636,4.414425238137392,6486.80;4380.00;4532.40;3805.40;3470.80;3523.80;7407.40;3893.20,0.95,1.0,conformal_distribution,2,11,45.4
2026-04-22T12:26:05,matias_drl_reproduced [SACRED],3737.4,1673.4,2064.0,,,,,,,,,ref/matias_alvo/saved_models/2026_04_21/data_driven/1776771550.pt,3765.0,-27.6
2026-04-23T12:46:56,stacked_smoke,3728.6000000000004,1510.6000000000001,2218.0,,,,6.359909626402166,0.7187671833366681,-5.925292597875946,3.7120626086213013,3728.60,0.65,1.0,ridge,1.0,7.1
2026-04-23T12:49:14,stacked_nn_smoke,3783.2000000000003,1464.2000000000003,2319.0,,,,6.416159201704968,0.7251242467509718,-5.980805103236303,3.742563604765419,3783.20,0.65,1.0,ridge_nn,1.0,10.3
2026-04-23T12:52:19,stacked_nn_8f,4446.175,1513.6750000000002,2932.5,3502.6000000000004,1683.6000000000004,1819.0,6.920635868770061,0.7057194907220887,-6.447202210294673,3.9968364414312845,5606.80;3783.20;5084.60;3509.40;3261.20;3115.60;7618.00;3590.60,0.65,1.0,ridge_nn,1.0,135.5
2026-04-23T12:57:37,diverse_smoke,3614.0,1334.0,2280.0,,,,6.300106757079322,0.7120085432830127,-5.975032770023787,3.739064230528046,3614.00,0.65,1.0,0.25,diverse_5model_eqwt,32.3
2026-04-23T13:06:04,diverse_8f,4347.35,1450.9750000000001,2896.375,2570.4,1505.4,1065.0,6.8617846576562584,0.6990368835310379,-6.400565809376976,4.0381354696209035,6019.00;3614.00;4358.00;3309.00;3320.80;3150.80;7701.00;3306.20,0.65,1.0,0.25,diverse_5model_eqwt,479.0
2026-04-23T13:07:55,diverse_5model_a0.65_m1.0_SACRED,3326.6000000000004,1393.6000000000004,1933.0,,,,,,,,,0.65,1.0,0.25,diverse_5model_eqwt,4240.4,913.8,45.0,-23.0
2026-04-23T13:11:57,diverse9_smoke,3675.6,1215.6,2460.0,,,,6.397752259388609,0.7230439803856061,-6.105238871776832,3.804336522571084,3675.60,0.65,1.0,0.25,diverse_5model_eqwt,37.1
2026-04-23T13:18:20,diverse9_8f,4395.700000000001,1376.7,3019.0,2542.6000000000004,1429.6000000000001,1113.0,6.921372040327192,0.7049685870736553,-6.487689382975801,4.077281599780074,6079.60;3675.60;4415.80;3312.60;3373.80;3172.60;7830.00;3305.60,0.65,1.0,0.25,diverse_5model_eqwt,358.7
2026-04-23T14:03:12,diverse5_a0.55_m1.0_w0.25,4470.924999999999,1208.4250000000002,3262.5,2547.4,1295.4,1252.0,6.8617846576562584,0.6990368835310379,-6.400565809376976,3.6531465713326723,6118.20;3713.20;4513.40;3365.00;3477.20;3264.00;7928.80;3387.60,0.55,1.0,0.25,diverse_5model_eqwt,417.6
2026-04-23T14:10:29,diverse5_a0.6_m1.0_w0.25,4396.75,1324.125,3072.625,2553.8,1395.8,1158.0,6.8617846576562584,0.6990368835310379,-6.400565809376976,3.8565176439768005,6061.00;3657.40;4430.40;3301.00;3390.00;3195.00;7811.00;3328.20,0.6,1.0,0.25,diverse_5model_eqwt,436.7
2026-04-23T14:17:15,diverse5_a0.7_m1.0_w0.25,4317.825,1589.7,2728.125,2614.4000000000005,1622.4000000000003,992.0,6.8617846576562584,0.6990368835310379,-6.400565809376976,4.193737868091402,5966.40;3616.60;4273.20;3349.60;3261.60;3149.40;7628.80;3297.00,0.7,1.0,0.25,diverse_5model_eqwt,405.8
2026-04-23T14:26:12,diverse5_a0.75_m1.0_w0.25,4314.674999999999,1747.4250000000002,2567.25,2667.0,1753.0000000000002,914.0,6.8617846576562584,0.6990368835310379,-6.400565809376976,4.317926139102362,5929.80;3630.80;4214.00;3438.20;3255.60;3175.40;7566.40;3307.20,0.75,1.0,0.25,diverse_5model_eqwt,537.8
2026-04-23T14:29:27,diverse5_a0.70_m1.0_SACRED,3311.0,1491.0,1820.0,,,,,,,,,0.7,1.0,0.25,diverse_5model_eqwt,4224.8,913.8,39.0,-15.6
2026-04-23T16:22:16,diverse5_optuna_strict_cv_SACRED,3255.2000000000003,1521.2000000000003,1734.0,,,,,,,,,0.6,1.138,0.329,diverse_5model_eqwt_optuna,4169.0,913.8,36.2,-55.8
2026-04-23T16:22:55,diverse5_optuna_cv_val_bal_SACRED,3264.4,1457.4,1807.0,,,,,,,,,0.562,1.147,0.392,diverse_5model_eqwt_optuna,4178.2,913.8,38.5,-46.6
2026-04-23T17:11:14,qcap_smoke,3612.8,2258.8,1354.0,,,,4.876347570999294,0.551101951830806,-3.663552996948722,3.658136933483571,3612.80,0.833,1.0,0.329,quantile_diverse_5model_pinball,29.1
2026-04-23T17:19:39,qcap_q0.833_8f,4369.1,2526.725,1842.375,3058.8,2619.8,439.0,5.51066621803262,0.5591862034622598,-3.696457143896148,3.9862533379337273,6319.00;3612.80;3893.80;3363.40;3336.20;3408.20;7502.40;3517.00,0.833,1.0,0.329,quantile_diverse_5model_pinball,463.0
2026-04-23T17:29:07,qcap_q0.60_8f,4758.700000000001,1144.3250000000003,3614.375,2479.4,1245.4,1234.0,6.797149773663229,0.6906118644046297,-6.323076253327198,4.030882512164334,6956.20;3758.80;4493.80;3400.60;3727.20;3375.60;8985.00;3372.40,0.6,1.0,0.329,quantile_diverse_5model_pinball,371.4
2026-04-23T17:35:07,qcap_q0.65_8f,4577.525,1323.525,3254.0,2497.8,1434.8000000000002,1063.0,6.55372016763988,0.6660723552730052,-5.955552147443504,4.1701929059364655,6753.80;3666.40;4312.00;3308.00;3532.40;3265.00;8443.80;3338.80,0.65,1.0,0.329,quantile_diverse_5model_pinball,356.3
2026-04-23T17:41:29,qcap_q0.70_8f,4446.1,1543.2250000000001,2902.875,2553.8,1646.8000000000002,907.0,6.2907537040322685,0.6396163862708116,-5.520301927128926,4.249437237441919,6600.00;3591.00;4149.20;3255.20;3435.00;3196.20;8040.00;3302.20,0.7,1.0,0.329,quantile_diverse_5model_pinball,378.5
2026-04-23T20:01:13,diverse5_bin_strict_cv_SACRED,3251.0000000000005,1655.0000000000005,1596.0,,,,,,,,,0.559,1.184,1.296,0.348,diverse_5model_eqwt_bin_optuna,4164.8,913.8,43.7,-4.2
2026-04-23T20:01:52,diverse5_bin_cv_val_bal_SACRED,3251.6,1562.6,1689.0,,,,,,,,,0.581,1.173,1.192,0.338,diverse_5model_eqwt_bin_optuna,4165.4,913.8,39.5,-3.6
2026-04-23T20:59:38,diverse5_recency_None,4232.25,1624.125,2608.125,2611.4000000000005,1682.4000000000003,929.0,6.855210420354435,0.6983937797875985,-6.393304017219123,3.4748176381800855,5857.20;3622.00;4186.00;3283.40;3261.80;3066.00;7340.00;3241.60,,diverse_5model_recency_sweep,287.7
2026-04-23T21:04:45,diverse5_recency_0.7,4226.35,1618.9750000000001,2607.375,2625.2,1693.2,932.0,6.856900092237103,0.698547132035922,-6.396718443239656,3.476316615846443,5857.20;3622.00;4186.00;3295.00;3253.00;3066.00;7315.00;3216.60,0.7,diverse_5model_recency_sweep,307.1
2026-04-23T21:09:43,diverse5_recency_0.9,4228.625,1622.5,2606.125,2623.4,1698.4,925.0,6.85557557117459,0.6985045735137376,-6.393118663404055,3.4749887897167326,5857.20;3622.00;4186.00;3287.60;3250.40;3066.80;7325.40;3233.60,0.9,diverse_5model_recency_sweep,298.1
2026-04-23T21:14:38,diverse5_recency_0.99,4225.375,1625.25,2600.125,2622.6000000000004,1692.6000000000001,930.0,6.85159866385151,0.6980381864264478,-6.39015641528195,3.472706019173082,5857.20;3622.00;4186.00;3286.40;3259.20;3051.00;7307.20;3234.00,0.99,diverse_5model_recency_sweep,294.2
2026-04-23T21:21:25,diverse5_lgbshare_0.3,4253.575000000001,1617.9500000000003,2635.625,2607.2000000000003,1659.2000000000003,948.0,6.863294803669161,0.699125098316973,-6.405738671232893,3.479882711804954,5811.80;3592.20;4215.80;3274.40;3289.00;3074.20;7509.40;3261.80,0.3,diverse_5model_lgb_share_sweep,327.4
2026-04-23T21:26:18,diverse5_lgbshare_0.45,4241.6,1620.8500000000001,2620.75,2608.0000000000005,1668.0000000000005,940.0,6.859054091038205,0.6987381166037347,-6.399521344226008,3.477311279453165,5837.60;3607.80;4198.00;3279.00;3275.00;3066.60;7409.40;3259.40,0.45,diverse_5model_lgb_share_sweep,293.5
2026-04-23T21:31:45,diverse5_lgbshare_0.6,4232.25,1624.125,2608.125,2611.4000000000005,1682.4000000000003,929.0,6.855210420354435,0.6983937797875985,-6.393304017219123,3.4748176381800855,5857.20;3622.00;4186.00;3283.40;3261.80;3066.00;7340.00;3241.60,0.6,diverse_5model_lgb_share_sweep,326.4
2026-04-23T21:36:30,diverse5_lgbshare_0.75,4218.8,1627.0500000000002,2591.75,2621.6,1695.6,926.0,6.851623356272078,0.6980741804382891,-6.387086690212238,3.472408076787211,5887.00;3631.60;4179.80;3284.00;3242.80;3056.60;7243.00;3225.60,0.75,diverse_5model_lgb_share_sweep,285.1
2026-04-23T21:41:04,diverse5_lgbshare_0.9,4215.6,1633.7250000000001,2581.875,2626.6000000000004,1707.6000000000001,919.0,6.848596349079969,0.697812818944715,-6.380869363205353,3.4701204215743973,5914.40;3658.00;4169.80;3290.80;3239.40;3065.80;7167.40;3219.20,0.9,diverse_5model_lgb_share_sweep,273.8
2026-04-23T21:44:30,diverse5_lgbshare_0.90_SACRED,3227.8,1593.8,1634.0,,,,,,,,,0.9,0.5813428492464154,1.1731901672544072,1.1918987771673257,0.33800656001887974,diverse_5model_lgb_share_0.90,4141.6,913.8,39.2,-23.8
2026-04-23T23:31:27,champ_features_champion_baseline,4215.6,1633.7250000000001,2581.875,2626.6000000000004,1707.6000000000001,919.0,6.848596349079969,0.697812818944715,-6.380869363205353,3.4701204215743973,5914.40;3658.00;4169.80;3290.80;3239.40;3065.80;7167.40;3219.20,0.9,0.5813428492464154,1.1731901672544072,1.1918987771673257,0.75,0.33800656001887974,26,0.5,1,mean_impute,42,5,False,False,False,diverse5_lgbshare_feature_sweep,307.2
2026-04-23T23:37:54,champ_features_only_hierarchical,4230.625,1593.8750000000002,2636.75,2566.4,1675.4,891.0,6.867662985818852,0.7000079549644278,-6.4256051272169765,3.4894222059577347,5742.60;3757.40;4274.60;3230.00;3177.40;3089.60;7329.00;3244.40,0.9,0.5813428492464154,1.1731901672544072,1.1918987771673257,0.75,0.33800656001887974,26,0.5,1,mean_impute,42,5,True,False,False,diverse5_lgbshare_feature_sweep,387.3
2026-04-23T23:48:12,champ_features_only_categorical,4191.299999999999,1625.4250000000002,2565.875,2615.6000000000004,1729.6000000000001,886.0,6.843018349874328,0.6973463416509321,-6.379808975816742,3.4659679698896424,5935.40;3643.60;4140.40;3298.40;3255.80;3048.20;7011.40;3197.20,0.9,0.5813428492464154,1.1731901672544072,1.1918987771673257,0.75,0.33800656001887974,26,0.5,1,mean_impute,42,5,False,True,False,diverse5_lgbshare_feature_sweep,617.8
2026-04-23T23:55:51,champ_features_only_intermittency,4218.0,1624.375,2593.625,2625.0,1714.0000000000002,911.0,6.851365164878457,0.6979436233662005,-6.388648998661792,3.4716075065737884,5941.00;3669.80;4139.40;3277.80;3221.20;3061.00;7241.40;3192.40,0.9,0.5813428492464154,1.1731901672544072,1.1918987771673257,0.75,0.33800656001887974,26,0.5,1,mean_impute,42,5,False,False,True,diverse5_lgbshare_feature_sweep,458.6
2026-04-24T00:10:04,champ_features_all_three,4228.25,1575.5,2652.75,2532.6,1656.6,876.0,6.877019345901068,0.7010024190876945,-6.440757753907479,3.4945700270981144,5755.00;3783.40;4271.80;3255.00;3161.20;3101.80;7300.80;3197.00,0.9,0.5813428492464154,1.1731901672544072,1.1918987771673257,0.75,0.33800656001887974,26,0.5,1,mean_impute,42,5,True,True,True,diverse5_lgbshare_feature_sweep,853.5
2026-04-24T00:12:13,feat_only_categorical_SACRED,3218.8,1596.8000000000002,1622.0,,,,,,,,,0.9,0.5813428492464154,1.1731901672544072,1.1918987771673257,0.75,0.33800656001887974,26,0.5,1,mean_impute,42,5,False,True,False,4132.6,913.8,70.5,-9.0
2026-04-24T00:14:06,feat_all_three_SACRED,3226.4000000000005,1698.4000000000003,1528.0,,,,,,,,,0.9,0.5813428492464154,1.1731901672544072,1.1918987771673257,0.75,0.33800656001887974,26,0.5,1,mean_impute,42,5,True,True,True,4140.200000000001,913.8,113.3,-1.4
